{"epoch": 14, "train_acc": 0.773903877095727, "train_loss": -0.12398113777338587, "val_acc": 0.882434221251452, "val_loss": -0.12465857985851159, "_timestamp": 1675346823.7019172, "_runtime": 5.931438207626343, "_step": 13, "_wandb": {"runtime": 11}}