{"epoch": 14, "train_acc": 0.7277896308416202, "train_loss": -0.26580954322525757, "val_acc": 0.8022988728655489, "val_loss": -0.12503019381851455, "_timestamp": 1675346748.7175288, "_runtime": 6.081301927566528, "_step": 13, "_wandb": {"runtime": 11}}