{"epoch": 9, "train_acc": 0.568223152612718, "train_loss": 0.34095214256914647, "val_acc": 0.6470459964227784, "val_loss": 0.4008809615036131, "_timestamp": 1675346721.6735141, "_runtime": 5.972681045532227, "_step": 8, "_wandb": {"runtime": 12}}